{"cameraMode":{"drawMode":0,"name":"Shaded","section":"Shading Mode"},"sceneLighting":true,"audioPlay":false,"sceneViewState":{"showFog":false,"showMaterialUpdate":false,"showSkybox":true,"showFlares":false,"showImageEffects":false,"showParticleSystems":false},"in2DMode":false,"pivot":{"x":-35.22785186767578,"y":-0.5931277275085449,"z":51.85629653930664},"rotation":{"x":-0.08882256597280503,"y":0.15237288177013398,"z":-0.013752411119639874,"w":-0.9842471480369568},"size":6.690433025360107,"orthographic":false}