{"cameraMode":{"drawMode":0,"name":"Shaded","section":"Shading Mode"},"sceneLighting":false,"audioPlay":false,"sceneViewState":{"showFog":false,"showMaterialUpdate":false,"showSkybox":false,"showFlares":false,"showImageEffects":false,"showParticleSystems":false},"in2DMode":false,"pivot":{"x":-39.63999938964844,"y":0.8908596038818359,"z":49.63999938964844},"rotation":{"x":0.20513060688972474,"y":-0.3693844974040985,"z":0.08395849168300629,"w":0.9024717807769775},"size":7.062720775604248,"orthographic":false}