{"cameraMode":{"drawMode":0,"name":"Shaded","section":"Shading Mode"},"sceneLighting":false,"audioPlay":false,"sceneViewState":{"showFog":false,"showMaterialUpdate":false,"showSkybox":false,"showFlares":false,"showImageEffects":false,"showParticleSystems":false},"in2DMode":false,"pivot":{"x":-159.17874145507813,"y":172.97125244140626,"z":-106.22502899169922},"rotation":{"x":0.004981567617505789,"y":-0.5781781673431397,"z":0.0035177425015717746,"w":0.8159012794494629},"size":147.3924102783203,"orthographic":false}